Data,Meta_Receita,Meta_Pedidos,Meta_Novos_Clientes,Meta_ROAS
2022-01-01,17150.0,42,28,2.8
2022-01-02,17150.0,42,28,2.8
2022-01-03,24500.0,60,40,2.8
2022-01-04,24500.0,60,40,2.8
2022-01-05,24500.0,60,40,2.8
2022-01-06,24500.0,60,40,2.8
2022-01-07,24500.0,60,40,2.8
2022-01-08,17150.0,42,28,2.8
2022-01-09,17150.0,42,28,2.8
2022-01-10,24500.0,60,40,2.8
2022-01-11,24500.0,60,40,2.8
2022-01-12,24500.0,60,40,2.8
2022-01-13,24500.0,60,40,2.8
2022-01-14,24500.0,60,40,2.8
2022-01-15,17150.0,42,28,2.8
2022-01-16,17150.0,42,28,2.8
2022-01-17,24500.0,60,40,2.8
2022-01-18,24500.0,60,40,2.8
2022-01-19,24500.0,60,40,2.8
2022-01-20,24500.0,60,40,2.8
2022-01-21,24500.0,60,40,2.8
2022-01-22,17150.0,42,28,2.8
2022-01-23,17150.0,42,28,2.8
2022-01-24,24500.0,60,40,2.8
2022-01-25,24500.0,60,40,2.8
2022-01-26,24500.0,60,40,2.8
2022-01-27,24500.0,60,40,2.8
2022-01-28,24500.0,60,40,2.8
2022-01-29,17150.0,42,28,2.8
2022-01-30,17150.0,42,28,2.8
2022-01-31,24500.0,60,40,2.8
2022-02-01,24500.0,60,40,2.8
2022-02-02,24500.0,60,40,2.8
2022-02-03,24500.0,60,40,2.8
2022-02-04,24500.0,60,40,2.8
2022-02-05,17150.0,42,28,2.8
2022-02-06,17150.0,42,28,2.8
2022-02-07,24500.0,60,40,2.8
2022-02-08,24500.0,60,40,2.8
2022-02-09,24500.0,60,40,2.8
2022-02-10,24500.0,60,40,2.8
2022-02-11,24500.0,60,40,2.8
2022-02-12,17150.0,42,28,2.8
2022-02-13,17150.0,42,28,2.8
2022-02-14,24500.0,60,40,2.8
2022-02-15,24500.0,60,40,2.8
2022-02-16,24500.0,60,40,2.8
2022-02-17,24500.0,60,40,2.8
2022-02-18,24500.0,60,40,2.8
2022-02-19,17150.0,42,28,2.8
2022-02-20,17150.0,42,28,2.8
2022-02-21,24500.0,60,40,2.8
2022-02-22,24500.0,60,40,2.8
2022-02-23,24500.0,60,40,2.8
2022-02-24,24500.0,60,40,2.8
2022-02-25,24500.0,60,40,2.8
2022-02-26,17150.0,42,28,2.8
2022-02-27,17150.0,42,28,2.8
2022-02-28,24500.0,60,40,2.8
2022-03-01,24500.0,60,40,2.8
2022-03-02,24500.0,60,40,2.8
2022-03-03,24500.0,60,40,2.8
2022-03-04,24500.0,60,40,2.8
2022-03-05,17150.0,42,28,2.8
2022-03-06,17150.0,42,28,2.8
2022-03-07,24500.0,60,40,2.8
2022-03-08,24500.0,60,40,2.8
2022-03-09,24500.0,60,40,2.8
2022-03-10,24500.0,60,40,2.8
2022-03-11,24500.0,60,40,2.8
2022-03-12,17150.0,42,28,2.8
2022-03-13,17150.0,42,28,2.8
2022-03-14,24500.0,60,40,2.8
2022-03-15,24500.0,60,40,2.8
2022-03-16,24500.0,60,40,2.8
2022-03-17,24500.0,60,40,2.8
2022-03-18,24500.0,60,40,2.8
2022-03-19,17150.0,42,28,2.8
2022-03-20,17150.0,42,28,2.8
2022-03-21,24500.0,60,40,2.8
2022-03-22,24500.0,60,40,2.8
2022-03-23,24500.0,60,40,2.8
2022-03-24,24500.0,60,40,2.8
2022-03-25,24500.0,60,40,2.8
2022-03-26,17150.0,42,28,2.8
2022-03-27,17150.0,42,28,2.8
2022-03-28,24500.0,60,40,2.8
2022-03-29,24500.0,60,40,2.8
2022-03-30,24500.0,60,40,2.8
2022-03-31,24500.0,60,40,2.8
2022-04-01,24500.0,60,40,2.8
2022-04-02,17150.0,42,28,2.8
2022-04-03,17150.0,42,28,2.8
2022-04-04,24500.0,60,40,2.8
2022-04-05,24500.0,60,40,2.8
2022-04-06,24500.0,60,40,2.8
2022-04-07,24500.0,60,40,2.8
2022-04-08,24500.0,60,40,2.8
2022-04-09,17150.0,42,28,2.8
2022-04-10,17150.0,42,28,2.8
2022-04-11,24500.0,60,40,2.8
2022-04-12,24500.0,60,40,2.8
2022-04-13,24500.0,60,40,2.8
2022-04-14,24500.0,60,40,2.8
2022-04-15,24500.0,60,40,2.8
2022-04-16,17150.0,42,28,2.8
2022-04-17,17150.0,42,28,2.8
2022-04-18,24500.0,60,40,2.8
2022-04-19,24500.0,60,40,2.8
2022-04-20,24500.0,60,40,2.8
2022-04-21,24500.0,60,40,2.8
2022-04-22,24500.0,60,40,2.8
2022-04-23,17150.0,42,28,2.8
2022-04-24,17150.0,42,28,2.8
2022-04-25,24500.0,60,40,2.8
2022-04-26,24500.0,60,40,2.8
2022-04-27,24500.0,60,40,2.8
2022-04-28,24500.0,60,40,2.8
2022-04-29,24500.0,60,40,2.8
2022-04-30,17150.0,42,28,2.8
2022-05-01,18865.0,46,30,2.8
2022-05-02,26950.0,66,44,2.8
2022-05-03,26950.0,66,44,2.8
2022-05-04,26950.0,66,44,2.8
2022-05-05,26950.0,66,44,2.8
2022-05-06,26950.0,66,44,2.8
2022-05-07,18865.0,46,30,2.8
2022-05-08,18865.0,46,30,2.8
2022-05-09,26950.0,66,44,2.8
2022-05-10,26950.0,66,44,2.8
2022-05-11,26950.0,66,44,2.8
2022-05-12,26950.0,66,44,2.8
2022-05-13,26950.0,66,44,2.8
2022-05-14,18865.0,46,30,2.8
2022-05-15,18865.0,46,30,2.8
2022-05-16,26950.0,66,44,2.8
2022-05-17,26950.0,66,44,2.8
2022-05-18,26950.0,66,44,2.8
2022-05-19,26950.0,66,44,2.8
2022-05-20,26950.0,66,44,2.8
2022-05-21,18865.0,46,30,2.8
2022-05-22,18865.0,46,30,2.8
2022-05-23,26950.0,66,44,2.8
2022-05-24,26950.0,66,44,2.8
2022-05-25,26950.0,66,44,2.8
2022-05-26,26950.0,66,44,2.8
2022-05-27,26950.0,66,44,2.8
2022-05-28,18865.0,46,30,2.8
2022-05-29,18865.0,46,30,2.8
2022-05-30,26950.0,66,44,2.8
2022-05-31,26950.0,66,44,2.8
2022-06-01,24500.0,60,40,2.8
2022-06-02,24500.0,60,40,2.8
2022-06-03,24500.0,60,40,2.8
2022-06-04,17150.0,42,28,2.8
2022-06-05,17150.0,42,28,2.8
2022-06-06,24500.0,60,40,2.8
2022-06-07,24500.0,60,40,2.8
2022-06-08,24500.0,60,40,2.8
2022-06-09,24500.0,60,40,2.8
2022-06-10,24500.0,60,40,2.8
2022-06-11,17150.0,42,28,2.8
2022-06-12,17150.0,42,28,2.8
2022-06-13,24500.0,60,40,2.8
2022-06-14,24500.0,60,40,2.8
2022-06-15,24500.0,60,40,2.8
2022-06-16,24500.0,60,40,2.8
2022-06-17,24500.0,60,40,2.8
2022-06-18,17150.0,42,28,2.8
2022-06-19,17150.0,42,28,2.8
2022-06-20,24500.0,60,40,2.8
2022-06-21,24500.0,60,40,2.8
2022-06-22,24500.0,60,40,2.8
2022-06-23,24500.0,60,40,2.8
2022-06-24,24500.0,60,40,2.8
2022-06-25,17150.0,42,28,2.8
2022-06-26,17150.0,42,28,2.8
2022-06-27,24500.0,60,40,2.8
2022-06-28,24500.0,60,40,2.8
2022-06-29,24500.0,60,40,2.8
2022-06-30,24500.0,60,40,2.8
2022-07-01,24500.0,60,40,2.8
2022-07-02,17150.0,42,28,2.8
2022-07-03,17150.0,42,28,2.8
2022-07-04,24500.0,60,40,2.8
2022-07-05,24500.0,60,40,2.8
2022-07-06,24500.0,60,40,2.8
2022-07-07,24500.0,60,40,2.8
2022-07-08,24500.0,60,40,2.8
2022-07-09,17150.0,42,28,2.8
2022-07-10,17150.0,42,28,2.8
2022-07-11,24500.0,60,40,2.8
2022-07-12,24500.0,60,40,2.8
2022-07-13,24500.0,60,40,2.8
2022-07-14,24500.0,60,40,2.8
2022-07-15,24500.0,60,40,2.8
2022-07-16,17150.0,42,28,2.8
2022-07-17,17150.0,42,28,2.8
2022-07-18,24500.0,60,40,2.8
2022-07-19,24500.0,60,40,2.8
2022-07-20,24500.0,60,40,2.8
2022-07-21,24500.0,60,40,2.8
2022-07-22,24500.0,60,40,2.8
2022-07-23,17150.0,42,28,2.8
2022-07-24,17150.0,42,28,2.8
2022-07-25,24500.0,60,40,2.8
2022-07-26,24500.0,60,40,2.8
2022-07-27,24500.0,60,40,2.8
2022-07-28,24500.0,60,40,2.8
2022-07-29,24500.0,60,40,2.8
2022-07-30,17150.0,42,28,2.8
2022-07-31,17150.0,42,28,2.8
2022-08-01,24500.0,60,40,2.8
2022-08-02,24500.0,60,40,2.8
2022-08-03,24500.0,60,40,2.8
2022-08-04,24500.0,60,40,2.8
2022-08-05,24500.0,60,40,2.8
2022-08-06,17150.0,42,28,2.8
2022-08-07,17150.0,42,28,2.8
2022-08-08,24500.0,60,40,2.8
2022-08-09,24500.0,60,40,2.8
2022-08-10,24500.0,60,40,2.8
2022-08-11,24500.0,60,40,2.8
2022-08-12,24500.0,60,40,2.8
2022-08-13,17150.0,42,28,2.8
2022-08-14,17150.0,42,28,2.8
2022-08-15,24500.0,60,40,2.8
2022-08-16,24500.0,60,40,2.8
2022-08-17,24500.0,60,40,2.8
2022-08-18,24500.0,60,40,2.8
2022-08-19,24500.0,60,40,2.8
2022-08-20,17150.0,42,28,2.8
2022-08-21,17150.0,42,28,2.8
2022-08-22,24500.0,60,40,2.8
2022-08-23,24500.0,60,40,2.8
2022-08-24,24500.0,60,40,2.8
2022-08-25,24500.0,60,40,2.8
2022-08-26,24500.0,60,40,2.8
2022-08-27,17150.0,42,28,2.8
2022-08-28,17150.0,42,28,2.8
2022-08-29,24500.0,60,40,2.8
2022-08-30,24500.0,60,40,2.8
2022-08-31,24500.0,60,40,2.8
2022-09-01,24500.0,60,40,2.8
2022-09-02,24500.0,60,40,2.8
2022-09-03,17150.0,42,28,2.8
2022-09-04,17150.0,42,28,2.8
2022-09-05,24500.0,60,40,2.8
2022-09-06,24500.0,60,40,2.8
2022-09-07,24500.0,60,40,2.8
2022-09-08,24500.0,60,40,2.8
2022-09-09,24500.0,60,40,2.8
2022-09-10,17150.0,42,28,2.8
2022-09-11,17150.0,42,28,2.8
2022-09-12,24500.0,60,40,2.8
2022-09-13,24500.0,60,40,2.8
2022-09-14,24500.0,60,40,2.8
2022-09-15,24500.0,60,40,2.8
2022-09-16,24500.0,60,40,2.8
2022-09-17,17150.0,42,28,2.8
2022-09-18,17150.0,42,28,2.8
2022-09-19,24500.0,60,40,2.8
2022-09-20,24500.0,60,40,2.8
2022-09-21,24500.0,60,40,2.8
2022-09-22,24500.0,60,40,2.8
2022-09-23,24500.0,60,40,2.8
2022-09-24,17150.0,42,28,2.8
2022-09-25,17150.0,42,28,2.8
2022-09-26,24500.0,60,40,2.8
2022-09-27,24500.0,60,40,2.8
2022-09-28,24500.0,60,40,2.8
2022-09-29,24500.0,60,40,2.8
2022-09-30,24500.0,60,40,2.8
2022-10-01,18865.0,46,30,2.8
2022-10-02,18865.0,46,30,2.8
2022-10-03,26950.0,66,44,2.8
2022-10-04,26950.0,66,44,2.8
2022-10-05,26950.0,66,44,2.8
2022-10-06,26950.0,66,44,2.8
2022-10-07,26950.0,66,44,2.8
2022-10-08,18865.0,46,30,2.8
2022-10-09,18865.0,46,30,2.8
2022-10-10,26950.0,66,44,2.8
2022-10-11,26950.0,66,44,2.8
2022-10-12,26950.0,66,44,2.8
2022-10-13,26950.0,66,44,2.8
2022-10-14,26950.0,66,44,2.8
2022-10-15,18865.0,46,30,2.8
2022-10-16,18865.0,46,30,2.8
2022-10-17,26950.0,66,44,2.8
2022-10-18,26950.0,66,44,2.8
2022-10-19,26950.0,66,44,2.8
2022-10-20,26950.0,66,44,2.8
2022-10-21,26950.0,66,44,2.8
2022-10-22,18865.0,46,30,2.8
2022-10-23,18865.0,46,30,2.8
2022-10-24,26950.0,66,44,2.8
2022-10-25,26950.0,66,44,2.8
2022-10-26,26950.0,66,44,2.8
2022-10-27,26950.0,66,44,2.8
2022-10-28,26950.0,66,44,2.8
2022-10-29,18865.0,46,30,2.8
2022-10-30,18865.0,46,30,2.8
2022-10-31,26950.0,66,44,2.8
2022-11-01,36750.0,90,60,2.8
2022-11-02,36750.0,90,60,2.8
2022-11-03,36750.0,90,60,2.8
2022-11-04,36750.0,90,60,2.8
2022-11-05,25725.0,62,42,2.8
2022-11-06,25725.0,62,42,2.8
2022-11-07,36750.0,90,60,2.8
2022-11-08,36750.0,90,60,2.8
2022-11-09,36750.0,90,60,2.8
2022-11-10,36750.0,90,60,2.8
2022-11-11,36750.0,90,60,2.8
2022-11-12,25725.0,62,42,2.8
2022-11-13,25725.0,62,42,2.8
2022-11-14,36750.0,90,60,2.8
2022-11-15,36750.0,90,60,2.8
2022-11-16,36750.0,90,60,2.8
2022-11-17,36750.0,90,60,2.8
2022-11-18,36750.0,90,60,2.8
2022-11-19,25725.0,62,42,2.8
2022-11-20,25725.0,62,42,2.8
2022-11-21,36750.0,90,60,2.8
2022-11-22,36750.0,90,60,2.8
2022-11-23,36750.0,90,60,2.8
2022-11-24,36750.0,90,60,2.8
2022-11-25,36750.0,90,60,2.8
2022-11-26,25725.0,62,42,2.8
2022-11-27,25725.0,62,42,2.8
2022-11-28,36750.0,90,60,2.8
2022-11-29,36750.0,90,60,2.8
2022-11-30,36750.0,90,60,2.8
2022-12-01,31850.0,78,52,2.8
2022-12-02,31850.0,78,52,2.8
2022-12-03,22295.0,54,36,2.8
2022-12-04,22295.0,54,36,2.8
2022-12-05,31850.0,78,52,2.8
2022-12-06,31850.0,78,52,2.8
2022-12-07,31850.0,78,52,2.8
2022-12-08,31850.0,78,52,2.8
2022-12-09,31850.0,78,52,2.8
2022-12-10,22295.0,54,36,2.8
2022-12-11,22295.0,54,36,2.8
2022-12-12,31850.0,78,52,2.8
2022-12-13,31850.0,78,52,2.8
2022-12-14,31850.0,78,52,2.8
2022-12-15,31850.0,78,52,2.8
2022-12-16,31850.0,78,52,2.8
2022-12-17,22295.0,54,36,2.8
2022-12-18,22295.0,54,36,2.8
2022-12-19,31850.0,78,52,2.8
2022-12-20,31850.0,78,52,2.8
2022-12-21,31850.0,78,52,2.8
2022-12-22,31850.0,78,52,2.8
2022-12-23,31850.0,78,52,2.8
2022-12-24,22295.0,54,36,2.8
2022-12-25,22295.0,54,36,2.8
2022-12-26,31850.0,78,52,2.8
2022-12-27,31850.0,78,52,2.8
2022-12-28,31850.0,78,52,2.8
2022-12-29,31850.0,78,52,2.8
2022-12-30,31850.0,78,52,2.8
2022-12-31,22295.0,54,36,2.8
2023-01-01,19208.0,47,31,3.02
2023-01-02,27440.0,67,44,3.02
2023-01-03,27440.0,67,44,3.02
2023-01-04,27440.0,67,44,3.02
2023-01-05,27440.0,67,44,3.02
2023-01-06,27440.0,67,44,3.02
2023-01-07,19208.0,47,31,3.02
2023-01-08,19208.0,47,31,3.02
2023-01-09,27440.0,67,44,3.02
2023-01-10,27440.0,67,44,3.02
2023-01-11,27440.0,67,44,3.02
2023-01-12,27440.0,67,44,3.02
2023-01-13,27440.0,67,44,3.02
2023-01-14,19208.0,47,31,3.02
2023-01-15,19208.0,47,31,3.02
2023-01-16,27440.0,67,44,3.02
2023-01-17,27440.0,67,44,3.02
2023-01-18,27440.0,67,44,3.02
2023-01-19,27440.0,67,44,3.02
2023-01-20,27440.0,67,44,3.02
2023-01-21,19208.0,47,31,3.02
2023-01-22,19208.0,47,31,3.02
2023-01-23,27440.0,67,44,3.02
2023-01-24,27440.0,67,44,3.02
2023-01-25,27440.0,67,44,3.02
2023-01-26,27440.0,67,44,3.02
2023-01-27,27440.0,67,44,3.02
2023-01-28,19208.0,47,31,3.02
2023-01-29,19208.0,47,31,3.02
2023-01-30,27440.0,67,44,3.02
2023-01-31,27440.0,67,44,3.02
2023-02-01,27440.0,67,44,3.02
2023-02-02,27440.0,67,44,3.02
2023-02-03,27440.0,67,44,3.02
2023-02-04,19208.0,47,31,3.02
2023-02-05,19208.0,47,31,3.02
2023-02-06,27440.0,67,44,3.02
2023-02-07,27440.0,67,44,3.02
2023-02-08,27440.0,67,44,3.02
2023-02-09,27440.0,67,44,3.02
2023-02-10,27440.0,67,44,3.02
2023-02-11,19208.0,47,31,3.02
2023-02-12,19208.0,47,31,3.02
2023-02-13,27440.0,67,44,3.02
2023-02-14,27440.0,67,44,3.02
2023-02-15,27440.0,67,44,3.02
2023-02-16,27440.0,67,44,3.02
2023-02-17,27440.0,67,44,3.02
2023-02-18,19208.0,47,31,3.02
2023-02-19,19208.0,47,31,3.02
2023-02-20,27440.0,67,44,3.02
2023-02-21,27440.0,67,44,3.02
2023-02-22,27440.0,67,44,3.02
2023-02-23,27440.0,67,44,3.02
2023-02-24,27440.0,67,44,3.02
2023-02-25,19208.0,47,31,3.02
2023-02-26,19208.0,47,31,3.02
2023-02-27,27440.0,67,44,3.02
2023-02-28,27440.0,67,44,3.02
2023-03-01,27440.0,67,44,3.02
2023-03-02,27440.0,67,44,3.02
2023-03-03,27440.0,67,44,3.02
2023-03-04,19208.0,47,31,3.02
2023-03-05,19208.0,47,31,3.02
2023-03-06,27440.0,67,44,3.02
2023-03-07,27440.0,67,44,3.02
2023-03-08,27440.0,67,44,3.02
2023-03-09,27440.0,67,44,3.02
2023-03-10,27440.0,67,44,3.02
2023-03-11,19208.0,47,31,3.02
2023-03-12,19208.0,47,31,3.02
2023-03-13,27440.0,67,44,3.02
2023-03-14,27440.0,67,44,3.02
2023-03-15,27440.0,67,44,3.02
2023-03-16,27440.0,67,44,3.02
2023-03-17,27440.0,67,44,3.02
2023-03-18,19208.0,47,31,3.02
2023-03-19,19208.0,47,31,3.02
2023-03-20,27440.0,67,44,3.02
2023-03-21,27440.0,67,44,3.02
2023-03-22,27440.0,67,44,3.02
2023-03-23,27440.0,67,44,3.02
2023-03-24,27440.0,67,44,3.02
2023-03-25,19208.0,47,31,3.02
2023-03-26,19208.0,47,31,3.02
2023-03-27,27440.0,67,44,3.02
2023-03-28,27440.0,67,44,3.02
2023-03-29,27440.0,67,44,3.02
2023-03-30,27440.0,67,44,3.02
2023-03-31,27440.0,67,44,3.02
2023-04-01,19208.0,47,31,3.02
2023-04-02,19208.0,47,31,3.02
2023-04-03,27440.0,67,44,3.02
2023-04-04,27440.0,67,44,3.02
2023-04-05,27440.0,67,44,3.02
2023-04-06,27440.0,67,44,3.02
2023-04-07,27440.0,67,44,3.02
2023-04-08,19208.0,47,31,3.02
2023-04-09,19208.0,47,31,3.02
2023-04-10,27440.0,67,44,3.02
2023-04-11,27440.0,67,44,3.02
2023-04-12,27440.0,67,44,3.02
2023-04-13,27440.0,67,44,3.02
2023-04-14,27440.0,67,44,3.02
2023-04-15,19208.0,47,31,3.02
2023-04-16,19208.0,47,31,3.02
2023-04-17,27440.0,67,44,3.02
2023-04-18,27440.0,67,44,3.02
2023-04-19,27440.0,67,44,3.02
2023-04-20,27440.0,67,44,3.02
2023-04-21,27440.0,67,44,3.02
2023-04-22,19208.0,47,31,3.02
2023-04-23,19208.0,47,31,3.02
2023-04-24,27440.0,67,44,3.02
2023-04-25,27440.0,67,44,3.02
2023-04-26,27440.0,67,44,3.02
2023-04-27,27440.0,67,44,3.02
2023-04-28,27440.0,67,44,3.02
2023-04-29,19208.0,47,31,3.02
2023-04-30,19208.0,47,31,3.02
2023-05-01,30184.0,73,49,3.02
2023-05-02,30184.0,73,49,3.02
2023-05-03,30184.0,73,49,3.02
2023-05-04,30184.0,73,49,3.02
2023-05-05,30184.0,73,49,3.02
2023-05-06,21128.8,51,34,3.02
2023-05-07,21128.8,51,34,3.02
2023-05-08,30184.0,73,49,3.02
2023-05-09,30184.0,73,49,3.02
2023-05-10,30184.0,73,49,3.02
2023-05-11,30184.0,73,49,3.02
2023-05-12,30184.0,73,49,3.02
2023-05-13,21128.8,51,34,3.02
2023-05-14,21128.8,51,34,3.02
2023-05-15,30184.0,73,49,3.02
2023-05-16,30184.0,73,49,3.02
2023-05-17,30184.0,73,49,3.02
2023-05-18,30184.0,73,49,3.02
2023-05-19,30184.0,73,49,3.02
2023-05-20,21128.8,51,34,3.02
2023-05-21,21128.8,51,34,3.02
2023-05-22,30184.0,73,49,3.02
2023-05-23,30184.0,73,49,3.02
2023-05-24,30184.0,73,49,3.02
2023-05-25,30184.0,73,49,3.02
2023-05-26,30184.0,73,49,3.02
2023-05-27,21128.8,51,34,3.02
2023-05-28,21128.8,51,34,3.02
2023-05-29,30184.0,73,49,3.02
2023-05-30,30184.0,73,49,3.02
2023-05-31,30184.0,73,49,3.02
2023-06-01,27440.0,67,44,3.02
2023-06-02,27440.0,67,44,3.02
2023-06-03,19208.0,47,31,3.02
2023-06-04,19208.0,47,31,3.02
2023-06-05,27440.0,67,44,3.02
2023-06-06,27440.0,67,44,3.02
2023-06-07,27440.0,67,44,3.02
2023-06-08,27440.0,67,44,3.02
2023-06-09,27440.0,67,44,3.02
2023-06-10,19208.0,47,31,3.02
2023-06-11,19208.0,47,31,3.02
2023-06-12,27440.0,67,44,3.02
2023-06-13,27440.0,67,44,3.02
2023-06-14,27440.0,67,44,3.02
2023-06-15,27440.0,67,44,3.02
2023-06-16,27440.0,67,44,3.02
2023-06-17,19208.0,47,31,3.02
2023-06-18,19208.0,47,31,3.02
2023-06-19,27440.0,67,44,3.02
2023-06-20,27440.0,67,44,3.02
2023-06-21,27440.0,67,44,3.02
2023-06-22,27440.0,67,44,3.02
2023-06-23,27440.0,67,44,3.02
2023-06-24,19208.0,47,31,3.02
2023-06-25,19208.0,47,31,3.02
2023-06-26,27440.0,67,44,3.02
2023-06-27,27440.0,67,44,3.02
2023-06-28,27440.0,67,44,3.02
2023-06-29,27440.0,67,44,3.02
2023-06-30,27440.0,67,44,3.02
2023-07-01,19208.0,47,31,3.02
2023-07-02,19208.0,47,31,3.02
2023-07-03,27440.0,67,44,3.02
2023-07-04,27440.0,67,44,3.02
2023-07-05,27440.0,67,44,3.02
2023-07-06,27440.0,67,44,3.02
2023-07-07,27440.0,67,44,3.02
2023-07-08,19208.0,47,31,3.02
2023-07-09,19208.0,47,31,3.02
2023-07-10,27440.0,67,44,3.02
2023-07-11,27440.0,67,44,3.02
2023-07-12,27440.0,67,44,3.02
2023-07-13,27440.0,67,44,3.02
2023-07-14,27440.0,67,44,3.02
2023-07-15,19208.0,47,31,3.02
2023-07-16,19208.0,47,31,3.02
2023-07-17,27440.0,67,44,3.02
2023-07-18,27440.0,67,44,3.02
2023-07-19,27440.0,67,44,3.02
2023-07-20,27440.0,67,44,3.02
2023-07-21,27440.0,67,44,3.02
2023-07-22,19208.0,47,31,3.02
2023-07-23,19208.0,47,31,3.02
2023-07-24,27440.0,67,44,3.02
2023-07-25,27440.0,67,44,3.02
2023-07-26,27440.0,67,44,3.02
2023-07-27,27440.0,67,44,3.02
2023-07-28,27440.0,67,44,3.02
2023-07-29,19208.0,47,31,3.02
2023-07-30,19208.0,47,31,3.02
2023-07-31,27440.0,67,44,3.02
2023-08-01,27440.0,67,44,3.02
2023-08-02,27440.0,67,44,3.02
2023-08-03,27440.0,67,44,3.02
2023-08-04,27440.0,67,44,3.02
2023-08-05,19208.0,47,31,3.02
2023-08-06,19208.0,47,31,3.02
2023-08-07,27440.0,67,44,3.02
2023-08-08,27440.0,67,44,3.02
2023-08-09,27440.0,67,44,3.02
2023-08-10,27440.0,67,44,3.02
2023-08-11,27440.0,67,44,3.02
2023-08-12,19208.0,47,31,3.02
2023-08-13,19208.0,47,31,3.02
2023-08-14,27440.0,67,44,3.02
2023-08-15,27440.0,67,44,3.02
2023-08-16,27440.0,67,44,3.02
2023-08-17,27440.0,67,44,3.02
2023-08-18,27440.0,67,44,3.02
2023-08-19,19208.0,47,31,3.02
2023-08-20,19208.0,47,31,3.02
2023-08-21,27440.0,67,44,3.02
2023-08-22,27440.0,67,44,3.02
2023-08-23,27440.0,67,44,3.02
2023-08-24,27440.0,67,44,3.02
2023-08-25,27440.0,67,44,3.02
2023-08-26,19208.0,47,31,3.02
2023-08-27,19208.0,47,31,3.02
2023-08-28,27440.0,67,44,3.02
2023-08-29,27440.0,67,44,3.02
2023-08-30,27440.0,67,44,3.02
2023-08-31,27440.0,67,44,3.02
2023-09-01,27440.0,67,44,3.02
2023-09-02,19208.0,47,31,3.02
2023-09-03,19208.0,47,31,3.02
2023-09-04,27440.0,67,44,3.02
2023-09-05,27440.0,67,44,3.02
2023-09-06,27440.0,67,44,3.02
2023-09-07,27440.0,67,44,3.02
2023-09-08,27440.0,67,44,3.02
2023-09-09,19208.0,47,31,3.02
2023-09-10,19208.0,47,31,3.02
2023-09-11,27440.0,67,44,3.02
2023-09-12,27440.0,67,44,3.02
2023-09-13,27440.0,67,44,3.02
2023-09-14,27440.0,67,44,3.02
2023-09-15,27440.0,67,44,3.02
2023-09-16,19208.0,47,31,3.02
2023-09-17,19208.0,47,31,3.02
2023-09-18,27440.0,67,44,3.02
2023-09-19,27440.0,67,44,3.02
2023-09-20,27440.0,67,44,3.02
2023-09-21,27440.0,67,44,3.02
2023-09-22,27440.0,67,44,3.02
2023-09-23,19208.0,47,31,3.02
2023-09-24,19208.0,47,31,3.02
2023-09-25,27440.0,67,44,3.02
2023-09-26,27440.0,67,44,3.02
2023-09-27,27440.0,67,44,3.02
2023-09-28,27440.0,67,44,3.02
2023-09-29,27440.0,67,44,3.02
2023-09-30,19208.0,47,31,3.02
2023-10-01,21128.8,51,34,3.02
2023-10-02,30184.0,73,49,3.02
2023-10-03,30184.0,73,49,3.02
2023-10-04,30184.0,73,49,3.02
2023-10-05,30184.0,73,49,3.02
2023-10-06,30184.0,73,49,3.02
2023-10-07,21128.8,51,34,3.02
2023-10-08,21128.8,51,34,3.02
2023-10-09,30184.0,73,49,3.02
2023-10-10,30184.0,73,49,3.02
2023-10-11,30184.0,73,49,3.02
2023-10-12,30184.0,73,49,3.02
2023-10-13,30184.0,73,49,3.02
2023-10-14,21128.8,51,34,3.02
2023-10-15,21128.8,51,34,3.02
2023-10-16,30184.0,73,49,3.02
2023-10-17,30184.0,73,49,3.02
2023-10-18,30184.0,73,49,3.02
2023-10-19,30184.0,73,49,3.02
2023-10-20,30184.0,73,49,3.02
2023-10-21,21128.8,51,34,3.02
2023-10-22,21128.8,51,34,3.02
2023-10-23,30184.0,73,49,3.02
2023-10-24,30184.0,73,49,3.02
2023-10-25,30184.0,73,49,3.02
2023-10-26,30184.0,73,49,3.02
2023-10-27,30184.0,73,49,3.02
2023-10-28,21128.8,51,34,3.02
2023-10-29,21128.8,51,34,3.02
2023-10-30,30184.0,73,49,3.02
2023-10-31,30184.0,73,49,3.02
2023-11-01,41160.0,100,67,3.02
2023-11-02,41160.0,100,67,3.02
2023-11-03,41160.0,100,67,3.02
2023-11-04,28812.0,70,47,3.02
2023-11-05,28812.0,70,47,3.02
2023-11-06,41160.0,100,67,3.02
2023-11-07,41160.0,100,67,3.02
2023-11-08,41160.0,100,67,3.02
2023-11-09,41160.0,100,67,3.02
2023-11-10,41160.0,100,67,3.02
2023-11-11,28812.0,70,47,3.02
2023-11-12,28812.0,70,47,3.02
2023-11-13,41160.0,100,67,3.02
2023-11-14,41160.0,100,67,3.02
2023-11-15,41160.0,100,67,3.02
2023-11-16,41160.0,100,67,3.02
2023-11-17,41160.0,100,67,3.02
2023-11-18,28812.0,70,47,3.02
2023-11-19,28812.0,70,47,3.02
2023-11-20,41160.0,100,67,3.02
2023-11-21,41160.0,100,67,3.02
2023-11-22,41160.0,100,67,3.02
2023-11-23,41160.0,100,67,3.02
2023-11-24,41160.0,100,67,3.02
2023-11-25,28812.0,70,47,3.02
2023-11-26,28812.0,70,47,3.02
2023-11-27,41160.0,100,67,3.02
2023-11-28,41160.0,100,67,3.02
2023-11-29,41160.0,100,67,3.02
2023-11-30,41160.0,100,67,3.02
2023-12-01,35672.0,87,58,3.02
2023-12-02,24970.4,61,40,3.02
2023-12-03,24970.4,61,40,3.02
2023-12-04,35672.0,87,58,3.02
2023-12-05,35672.0,87,58,3.02
2023-12-06,35672.0,87,58,3.02
2023-12-07,35672.0,87,58,3.02
2023-12-08,35672.0,87,58,3.02
2023-12-09,24970.4,61,40,3.02
2023-12-10,24970.4,61,40,3.02
2023-12-11,35672.0,87,58,3.02
2023-12-12,35672.0,87,58,3.02
2023-12-13,35672.0,87,58,3.02
2023-12-14,35672.0,87,58,3.02
2023-12-15,35672.0,87,58,3.02
2023-12-16,24970.4,61,40,3.02
2023-12-17,24970.4,61,40,3.02
2023-12-18,35672.0,87,58,3.02
2023-12-19,35672.0,87,58,3.02
2023-12-20,35672.0,87,58,3.02
2023-12-21,35672.0,87,58,3.02
2023-12-22,35672.0,87,58,3.02
2023-12-23,24970.4,61,40,3.02
2023-12-24,24970.4,61,40,3.02
2023-12-25,35672.0,87,58,3.02
2023-12-26,35672.0,87,58,3.02
2023-12-27,35672.0,87,58,3.02
2023-12-28,35672.0,87,58,3.02
2023-12-29,35672.0,87,58,3.02
2023-12-30,24970.4,61,40,3.02
2023-12-31,24970.4,61,40,3.02
2024-01-01,30380.0,74,49,3.25
2024-01-02,30380.0,74,49,3.25
2024-01-03,30380.0,74,49,3.25
2024-01-04,30380.0,74,49,3.25
2024-01-05,30380.0,74,49,3.25
2024-01-06,21266.0,52,34,3.25
2024-01-07,21266.0,52,34,3.25
2024-01-08,30380.0,74,49,3.25
2024-01-09,30380.0,74,49,3.25
2024-01-10,30380.0,74,49,3.25
2024-01-11,30380.0,74,49,3.25
2024-01-12,30380.0,74,49,3.25
2024-01-13,21266.0,52,34,3.25
2024-01-14,21266.0,52,34,3.25
2024-01-15,30380.0,74,49,3.25
2024-01-16,30380.0,74,49,3.25
2024-01-17,30380.0,74,49,3.25
2024-01-18,30380.0,74,49,3.25
2024-01-19,30380.0,74,49,3.25
2024-01-20,21266.0,52,34,3.25
2024-01-21,21266.0,52,34,3.25
2024-01-22,30380.0,74,49,3.25
2024-01-23,30380.0,74,49,3.25
2024-01-24,30380.0,74,49,3.25
2024-01-25,30380.0,74,49,3.25
2024-01-26,30380.0,74,49,3.25
2024-01-27,21266.0,52,34,3.25
2024-01-28,21266.0,52,34,3.25
2024-01-29,30380.0,74,49,3.25
2024-01-30,30380.0,74,49,3.25
2024-01-31,30380.0,74,49,3.25
2024-02-01,30380.0,74,49,3.25
2024-02-02,30380.0,74,49,3.25
2024-02-03,21266.0,52,34,3.25
2024-02-04,21266.0,52,34,3.25
2024-02-05,30380.0,74,49,3.25
2024-02-06,30380.0,74,49,3.25
2024-02-07,30380.0,74,49,3.25
2024-02-08,30380.0,74,49,3.25
2024-02-09,30380.0,74,49,3.25
2024-02-10,21266.0,52,34,3.25
2024-02-11,21266.0,52,34,3.25
2024-02-12,30380.0,74,49,3.25
2024-02-13,30380.0,74,49,3.25
2024-02-14,30380.0,74,49,3.25
2024-02-15,30380.0,74,49,3.25
2024-02-16,30380.0,74,49,3.25
2024-02-17,21266.0,52,34,3.25
2024-02-18,21266.0,52,34,3.25
2024-02-19,30380.0,74,49,3.25
2024-02-20,30380.0,74,49,3.25
2024-02-21,30380.0,74,49,3.25
2024-02-22,30380.0,74,49,3.25
2024-02-23,30380.0,74,49,3.25
2024-02-24,21266.0,52,34,3.25
2024-02-25,21266.0,52,34,3.25
2024-02-26,30380.0,74,49,3.25
2024-02-27,30380.0,74,49,3.25
2024-02-28,30380.0,74,49,3.25
2024-02-29,30380.0,74,49,3.25
2024-03-01,30380.0,74,49,3.25
2024-03-02,21266.0,52,34,3.25
2024-03-03,21266.0,52,34,3.25
2024-03-04,30380.0,74,49,3.25
2024-03-05,30380.0,74,49,3.25
2024-03-06,30380.0,74,49,3.25
2024-03-07,30380.0,74,49,3.25
2024-03-08,30380.0,74,49,3.25
2024-03-09,21266.0,52,34,3.25
2024-03-10,21266.0,52,34,3.25
2024-03-11,30380.0,74,49,3.25
2024-03-12,30380.0,74,49,3.25
2024-03-13,30380.0,74,49,3.25
2024-03-14,30380.0,74,49,3.25
2024-03-15,30380.0,74,49,3.25
2024-03-16,21266.0,52,34,3.25
2024-03-17,21266.0,52,34,3.25
2024-03-18,30380.0,74,49,3.25
2024-03-19,30380.0,74,49,3.25
2024-03-20,30380.0,74,49,3.25
2024-03-21,30380.0,74,49,3.25
2024-03-22,30380.0,74,49,3.25
2024-03-23,21266.0,52,34,3.25
2024-03-24,21266.0,52,34,3.25
2024-03-25,30380.0,74,49,3.25
2024-03-26,30380.0,74,49,3.25
2024-03-27,30380.0,74,49,3.25
2024-03-28,30380.0,74,49,3.25
2024-03-29,30380.0,74,49,3.25
2024-03-30,21266.0,52,34,3.25
2024-03-31,21266.0,52,34,3.25
2024-04-01,30380.0,74,49,3.25
2024-04-02,30380.0,74,49,3.25
2024-04-03,30380.0,74,49,3.25
2024-04-04,30380.0,74,49,3.25
2024-04-05,30380.0,74,49,3.25
2024-04-06,21266.0,52,34,3.25
2024-04-07,21266.0,52,34,3.25
2024-04-08,30380.0,74,49,3.25
2024-04-09,30380.0,74,49,3.25
2024-04-10,30380.0,74,49,3.25
2024-04-11,30380.0,74,49,3.25
2024-04-12,30380.0,74,49,3.25
2024-04-13,21266.0,52,34,3.25
2024-04-14,21266.0,52,34,3.25
2024-04-15,30380.0,74,49,3.25
2024-04-16,30380.0,74,49,3.25
2024-04-17,30380.0,74,49,3.25
2024-04-18,30380.0,74,49,3.25
2024-04-19,30380.0,74,49,3.25
2024-04-20,21266.0,52,34,3.25
2024-04-21,21266.0,52,34,3.25
2024-04-22,30380.0,74,49,3.25
2024-04-23,30380.0,74,49,3.25
2024-04-24,30380.0,74,49,3.25
2024-04-25,30380.0,74,49,3.25
2024-04-26,30380.0,74,49,3.25
2024-04-27,21266.0,52,34,3.25
2024-04-28,21266.0,52,34,3.25
2024-04-29,30380.0,74,49,3.25
2024-04-30,30380.0,74,49,3.25
2024-05-01,33418.0,81,54,3.25
2024-05-02,33418.0,81,54,3.25
2024-05-03,33418.0,81,54,3.25
2024-05-04,23392.6,57,38,3.25
2024-05-05,23392.6,57,38,3.25
2024-05-06,33418.0,81,54,3.25
2024-05-07,33418.0,81,54,3.25
2024-05-08,33418.0,81,54,3.25
2024-05-09,33418.0,81,54,3.25
2024-05-10,33418.0,81,54,3.25
2024-05-11,23392.6,57,38,3.25
2024-05-12,23392.6,57,38,3.25
2024-05-13,33418.0,81,54,3.25
2024-05-14,33418.0,81,54,3.25
2024-05-15,33418.0,81,54,3.25
2024-05-16,33418.0,81,54,3.25
2024-05-17,33418.0,81,54,3.25
2024-05-18,23392.6,57,38,3.25
2024-05-19,23392.6,57,38,3.25
2024-05-20,33418.0,81,54,3.25
2024-05-21,33418.0,81,54,3.25
2024-05-22,33418.0,81,54,3.25
2024-05-23,33418.0,81,54,3.25
2024-05-24,33418.0,81,54,3.25
2024-05-25,23392.6,57,38,3.25
2024-05-26,23392.6,57,38,3.25
2024-05-27,33418.0,81,54,3.25
2024-05-28,33418.0,81,54,3.25
2024-05-29,33418.0,81,54,3.25
2024-05-30,33418.0,81,54,3.25
2024-05-31,33418.0,81,54,3.25
2024-06-01,21266.0,52,34,3.25
2024-06-02,21266.0,52,34,3.25
2024-06-03,30380.0,74,49,3.25
2024-06-04,30380.0,74,49,3.25
2024-06-05,30380.0,74,49,3.25
2024-06-06,30380.0,74,49,3.25
2024-06-07,30380.0,74,49,3.25
2024-06-08,21266.0,52,34,3.25
2024-06-09,21266.0,52,34,3.25
2024-06-10,30380.0,74,49,3.25
2024-06-11,30380.0,74,49,3.25
2024-06-12,30380.0,74,49,3.25
2024-06-13,30380.0,74,49,3.25
2024-06-14,30380.0,74,49,3.25
2024-06-15,21266.0,52,34,3.25
2024-06-16,21266.0,52,34,3.25
2024-06-17,30380.0,74,49,3.25
2024-06-18,30380.0,74,49,3.25
2024-06-19,30380.0,74,49,3.25
2024-06-20,30380.0,74,49,3.25
2024-06-21,30380.0,74,49,3.25
2024-06-22,21266.0,52,34,3.25
2024-06-23,21266.0,52,34,3.25
2024-06-24,30380.0,74,49,3.25
2024-06-25,30380.0,74,49,3.25
2024-06-26,30380.0,74,49,3.25
2024-06-27,30380.0,74,49,3.25
2024-06-28,30380.0,74,49,3.25
2024-06-29,21266.0,52,34,3.25
2024-06-30,21266.0,52,34,3.25
2024-07-01,30380.0,74,49,3.25
2024-07-02,30380.0,74,49,3.25
2024-07-03,30380.0,74,49,3.25
2024-07-04,30380.0,74,49,3.25
2024-07-05,30380.0,74,49,3.25
2024-07-06,21266.0,52,34,3.25
2024-07-07,21266.0,52,34,3.25
2024-07-08,30380.0,74,49,3.25
2024-07-09,30380.0,74,49,3.25
2024-07-10,30380.0,74,49,3.25
2024-07-11,30380.0,74,49,3.25
2024-07-12,30380.0,74,49,3.25
2024-07-13,21266.0,52,34,3.25
2024-07-14,21266.0,52,34,3.25
2024-07-15,30380.0,74,49,3.25
2024-07-16,30380.0,74,49,3.25
2024-07-17,30380.0,74,49,3.25
2024-07-18,30380.0,74,49,3.25
2024-07-19,30380.0,74,49,3.25
2024-07-20,21266.0,52,34,3.25
2024-07-21,21266.0,52,34,3.25
2024-07-22,30380.0,74,49,3.25
2024-07-23,30380.0,74,49,3.25
2024-07-24,30380.0,74,49,3.25
2024-07-25,30380.0,74,49,3.25
2024-07-26,30380.0,74,49,3.25
2024-07-27,21266.0,52,34,3.25
2024-07-28,21266.0,52,34,3.25
2024-07-29,30380.0,74,49,3.25
2024-07-30,30380.0,74,49,3.25
2024-07-31,30380.0,74,49,3.25
2024-08-01,30380.0,74,49,3.25
2024-08-02,30380.0,74,49,3.25
2024-08-03,21266.0,52,34,3.25
2024-08-04,21266.0,52,34,3.25
2024-08-05,30380.0,74,49,3.25
2024-08-06,30380.0,74,49,3.25
2024-08-07,30380.0,74,49,3.25
2024-08-08,30380.0,74,49,3.25
2024-08-09,30380.0,74,49,3.25
2024-08-10,21266.0,52,34,3.25
2024-08-11,21266.0,52,34,3.25
2024-08-12,30380.0,74,49,3.25
2024-08-13,30380.0,74,49,3.25
2024-08-14,30380.0,74,49,3.25
2024-08-15,30380.0,74,49,3.25
2024-08-16,30380.0,74,49,3.25
2024-08-17,21266.0,52,34,3.25
2024-08-18,21266.0,52,34,3.25
2024-08-19,30380.0,74,49,3.25
2024-08-20,30380.0,74,49,3.25
2024-08-21,30380.0,74,49,3.25
2024-08-22,30380.0,74,49,3.25
2024-08-23,30380.0,74,49,3.25
2024-08-24,21266.0,52,34,3.25
2024-08-25,21266.0,52,34,3.25
2024-08-26,30380.0,74,49,3.25
2024-08-27,30380.0,74,49,3.25
2024-08-28,30380.0,74,49,3.25
2024-08-29,30380.0,74,49,3.25
2024-08-30,30380.0,74,49,3.25
2024-08-31,21266.0,52,34,3.25
2024-09-01,21266.0,52,34,3.25
2024-09-02,30380.0,74,49,3.25
2024-09-03,30380.0,74,49,3.25
2024-09-04,30380.0,74,49,3.25
2024-09-05,30380.0,74,49,3.25
2024-09-06,30380.0,74,49,3.25
2024-09-07,21266.0,52,34,3.25
2024-09-08,21266.0,52,34,3.25
2024-09-09,30380.0,74,49,3.25
2024-09-10,30380.0,74,49,3.25
2024-09-11,30380.0,74,49,3.25
2024-09-12,30380.0,74,49,3.25
2024-09-13,30380.0,74,49,3.25
2024-09-14,21266.0,52,34,3.25
2024-09-15,21266.0,52,34,3.25
2024-09-16,30380.0,74,49,3.25
2024-09-17,30380.0,74,49,3.25
2024-09-18,30380.0,74,49,3.25
2024-09-19,30380.0,74,49,3.25
2024-09-20,30380.0,74,49,3.25
2024-09-21,21266.0,52,34,3.25
2024-09-22,21266.0,52,34,3.25
2024-09-23,30380.0,74,49,3.25
2024-09-24,30380.0,74,49,3.25
2024-09-25,30380.0,74,49,3.25
2024-09-26,30380.0,74,49,3.25
2024-09-27,30380.0,74,49,3.25
2024-09-28,21266.0,52,34,3.25
2024-09-29,21266.0,52,34,3.25
2024-09-30,30380.0,74,49,3.25
2024-10-01,33418.0,81,54,3.25
2024-10-02,33418.0,81,54,3.25
2024-10-03,33418.0,81,54,3.25
2024-10-04,33418.0,81,54,3.25
2024-10-05,23392.6,57,38,3.25
2024-10-06,23392.6,57,38,3.25
2024-10-07,33418.0,81,54,3.25
2024-10-08,33418.0,81,54,3.25
2024-10-09,33418.0,81,54,3.25
2024-10-10,33418.0,81,54,3.25
2024-10-11,33418.0,81,54,3.25
2024-10-12,23392.6,57,38,3.25
2024-10-13,23392.6,57,38,3.25
2024-10-14,33418.0,81,54,3.25
2024-10-15,33418.0,81,54,3.25
2024-10-16,33418.0,81,54,3.25
2024-10-17,33418.0,81,54,3.25
2024-10-18,33418.0,81,54,3.25
2024-10-19,23392.6,57,38,3.25
2024-10-20,23392.6,57,38,3.25
2024-10-21,33418.0,81,54,3.25
2024-10-22,33418.0,81,54,3.25
2024-10-23,33418.0,81,54,3.25
2024-10-24,33418.0,81,54,3.25
2024-10-25,33418.0,81,54,3.25
2024-10-26,23392.6,57,38,3.25
2024-10-27,23392.6,57,38,3.25
2024-10-28,33418.0,81,54,3.25
2024-10-29,33418.0,81,54,3.25
2024-10-30,33418.0,81,54,3.25
2024-10-31,33418.0,81,54,3.25
2024-11-01,45570.0,111,74,3.25
2024-11-02,31899.0,78,52,3.25
2024-11-03,31899.0,78,52,3.25
2024-11-04,45570.0,111,74,3.25
2024-11-05,45570.0,111,74,3.25
2024-11-06,45570.0,111,74,3.25
2024-11-07,45570.0,111,74,3.25
2024-11-08,45570.0,111,74,3.25
2024-11-09,31899.0,78,52,3.25
2024-11-10,31899.0,78,52,3.25
2024-11-11,45570.0,111,74,3.25
2024-11-12,45570.0,111,74,3.25
2024-11-13,45570.0,111,74,3.25
2024-11-14,45570.0,111,74,3.25
2024-11-15,45570.0,111,74,3.25
2024-11-16,31899.0,78,52,3.25
2024-11-17,31899.0,78,52,3.25
2024-11-18,45570.0,111,74,3.25
2024-11-19,45570.0,111,74,3.25
2024-11-20,45570.0,111,74,3.25
2024-11-21,45570.0,111,74,3.25
2024-11-22,45570.0,111,74,3.25
2024-11-23,31899.0,78,52,3.25
2024-11-24,31899.0,78,52,3.25
2024-11-25,45570.0,111,74,3.25
2024-11-26,45570.0,111,74,3.25
2024-11-27,45570.0,111,74,3.25
2024-11-28,45570.0,111,74,3.25
2024-11-29,45570.0,111,74,3.25
2024-11-30,31899.0,78,52,3.25
2024-12-01,27645.8,67,45,3.25
2024-12-02,39494.0,96,64,3.25
2024-12-03,39494.0,96,64,3.25
2024-12-04,39494.0,96,64,3.25
2024-12-05,39494.0,96,64,3.25
2024-12-06,39494.0,96,64,3.25
2024-12-07,27645.8,67,45,3.25
2024-12-08,27645.8,67,45,3.25
2024-12-09,39494.0,96,64,3.25
2024-12-10,39494.0,96,64,3.25
2024-12-11,39494.0,96,64,3.25
2024-12-12,39494.0,96,64,3.25
2024-12-13,39494.0,96,64,3.25
2024-12-14,27645.8,67,45,3.25
2024-12-15,27645.8,67,45,3.25
2024-12-16,39494.0,96,64,3.25
2024-12-17,39494.0,96,64,3.25
2024-12-18,39494.0,96,64,3.25
2024-12-19,39494.0,96,64,3.25
2024-12-20,39494.0,96,64,3.25
2024-12-21,27645.8,67,45,3.25
2024-12-22,27645.8,67,45,3.25
2024-12-23,39494.0,96,64,3.25
2024-12-24,39494.0,96,64,3.25
2024-12-25,39494.0,96,64,3.25
2024-12-26,39494.0,96,64,3.25
2024-12-27,39494.0,96,64,3.25
2024-12-28,27645.8,67,45,3.25
2024-12-29,27645.8,67,45,3.25
2024-12-30,39494.0,96,64,3.25
2024-12-31,39494.0,96,64,3.25
